patch_id,event,wedge_id,corner_index,z1_cm,z4_cm
0,1000,0,0,7.1464373586227596,11.721399999999999
0,1000,0,1,17.145600000000002,11.721399999999999
0,1000,0,2,17.145600000000002,44.181472238955806
0,1000,0,3,16.998971051433767,44.549185548475194
0,1000,0,4,13.313198231195283,47.011499999999998
0,1000,0,5,6.9145099999999999,47.011499999999998
0,1000,0,6,6.9145099999999999,12.303023052208836
1,1000,1,0,6.0723099999999999,0.93218699999999999
1,1000,1,1,16.3994,0.93218699999999999
1,1000,1,2,16.3994,43.008024497991961
1,1000,1,3,15.767057932138922,44.593800000000002
1,1000,1,4,6.0723099999999999,44.593800000000002
2,1000,2,0,8.269941440057174,1.79867
2,1000,2,1,19.3718,1.79867
2,1000,2,2,19.3718,22.233798619477902
2,1000,2,3,9.2355081473325953,47.653399999999998
2,1000,2,4,1.54586,47.653399999999998
2,1000,2,5,1.54586,6.2907544855574145
3,1000,3,0,8.4768684866379758,7.0145499999999998
3,1000,3,1,17.142299999999999,7.0145499999999998
3,1000,3,2,17.142299999999999,38.26300092871486
3,1000,3,3,14.9424332271279,43.779785298133817
3,1000,3,4,13.597021475790596,44.678600000000003
3,1000,3,5,-1.6733499999999999,44.678600000000003
3,1000,3,6,-1.6733499999999999,32.469076330321286
4,1000,4,0,19.040099999999999,3.0631287061351165
4,1000,4,1,19.040099999999999,33.478828664658636
4,1000,4,2,15.526495721438325,42.290179153390987
4,1000,4,3,14.751233821690185,42.808100000000003
4,1000,4,4,4.5420999999999996,42.808100000000003
4,1000,4,5,4.5420999999999996,12.748651026497971
5,1000,5,0,6.5950800000000003,13.123799999999999
5,1000,5,1,20.9895,13.123799999999999
5,1000,5,2,20.9895,32.663746360441749
5,1000,5,3,18.562107237141547,38.751116112881213
5,1000,5,4,6.7335389673039039,46.653300000000002
5,1000,5,5,6.5950800000000003,46.653300000000002
6,1000,6,0,2.60894,21.194600000000001
6,1000,6,1,19.8552,21.194600000000001
6,1000,6,2,19.8552,43.380172547147282
6,1000,6,3,11.518173235661942,48.949800000000003
6,1000,6,4,2.60894,48.949800000000003
7,1000,7,0,17.604199999999999,5.8650665552637911
7,1000,7,1,17.604199999999999,41.751765261044163
7,1000,7,2,17.569150751024111,41.839661106053725
7,1000,7,3,9.8428311774164712,47.001300000000001
7,1000,7,4,7.07179,47.001300000000001
7,1000,7,5,7.07179,12.901339982095962
8,1000,8,0,13.335900000000001,5.1300999999999997
8,1000,8,1,20.0793,5.1300999999999997
8,1000,8,2,20.0793,33.730196096920501
8,1000,8,3,13.335900000000001,38.23518652423013
9,1000,9,0,1.35266,10.668100000000001
9,1000,9,1,17.283999999999999,10.668100000000001
9,1000,9,2,17.283999999999999,27.487851754595361
9,1000,9,3,1.35266,38.130930052518494
10,1000,10,0,2.6415700000000002,5.7238300000000004
10,1000,10,1,18.116299999999999,5.7238300000000004
10,1000,10,2,18.116299999999999,20.828397457627123
10,1000,10,3,2.6415700000000002,31.166433243017426
11,1000,11,0,6.9465414763286972,8.2532899999999998
11,1000,11,1,21.0303,8.2532899999999998
11,1000,11,2,21.0303,41.69358627008031
11,1000,11,3,18.385320801092401,48.326615179790608
11,1000,11,4,17.537215097373572,48.8932
11,1000,11,5,2.9826800000000002,48.8932
11,1000,11,6,2.9826800000000002,18.193786990461845
12,1000,12,0,8.7499173592996229,8.6799300000000006
12,1000,12,1,19.2377,8.6799300000000006
12,1000,12,2,19.2377,41.478767378849362
12,1000,12,3,12.259527103805599,46.140599999999999
12,1000,12,4,0.47093699999999999,46.140599999999999
12,1000,12,5,0.47093699999999999,21.467893933985938
12,1000,12,6,4.4156173509330889,11.575499007737825
13,1000,13,0,3.54121,15.473000000000001
13,1000,13,1,20.075600000000001,15.473000000000001
13,1000,13,2,20.075600000000001,29.027808207831328
13,1000,13,3,17.706816249431043,34.968199385525715
13,1000,13,4,15.685138216901905,36.318800000000003
13,1000,13,5,3.54121,36.318800000000003
14,1000,14,0,4.0811500000000001,19.318200000000001
14,1000,14,1,18.938300000000002,19.318200000000001
14,1000,14,2,18.938300000000002,32.467811797188745
14,1000,14,3,12.34969143228906,48.990600000000001
14,1000,14,4,4.0811500000000001,48.990600000000001
15,1000,15,0,13.044646389750772,2.4488799999999999
15,1000,15,1,19.097799999999999,2.4488799999999999
15,1000,15,2,19.097799999999999,31.139018966340412
15,1000,15,3,11.553886206896539,36.178800000000003
15,1000,15,4,6.9313000000000002,36.178800000000003
15,1000,15,5,6.9313000000000002,17.779814683734934
16,1000,16,0,5.6070799999999998,13.443
16,1000,16,1,20.312999999999999,13.443
16,1000,16,2,20.312999999999999,27.755459211847388
16,1000,16,3,12.531483264938444,47.269799999999996
16,1000,16,4,5.6070799999999998,47.269799999999996
17,1000,17,0,19.9694,13.328689508235858
17,1000,17,1,19.9694,15.705692043172689
17,1000,17,2,8.2964881693524184,44.9788
17,1000,17,3,3.6810100000000001,44.9788
17,1000,17,4,3.6810100000000001,24.210298344473618
18,1000,18,0,5.1593499999999999,17.2789
18,1000,18,1,19.1142,17.2789
18,1000,18,2,19.1142,32.911706275100393
18,1000,18,3,15.654211550395353,41.5886
18,1000,18,4,5.1593499999999999,41.5886
19,1000,19,0,16.687591574057535,9.8570700000000002
19,1000,19,1,18.728200000000001,9.8570700000000002
19,1000,19,2,18.728200000000001,35.149877334337354
19,1000,19,3,17.958039371870736,37.081271620391441
19,1000,19,4,15.504771198856528,38.720199999999998
19,1000,19,5,1.9319299999999999,38.720199999999998
19,1000,19,6,1.9319299999999999,21.462308200301205
19,1000,19,7,2.8818467637687757,19.08012487027765
20,1000,20,0,9.8460369932939642,10.6541
20,1000,20,1,13.9815,10.6541
20,1000,20,2,13.9815,34.697402986947779
20,1000,20,3,8.5077778800920782,48.424300000000002
20,1000,20,4,2.3058299999999998,48.424300000000002
20,1000,20,5,2.3058299999999998,29.563288772590354
21,1000,21,0,21.305370234053957,12.3376
21,1000,21,1,21.324400000000001,12.3376
21,1000,21,2,21.324400000000001,34.15095245983936
21,1000,21,3,15.375935281753577,49.068399999999997
21,1000,21,4,4.9464399999999999,49.068399999999997
21,1000,21,5,4.9464399999999999,23.266333888756265
22,1000,22,0,0.71263399999999999,20.293199999999999
22,1000,22,1,12.712400000000001,20.293199999999999
22,1000,22,2,12.712400000000001,38.592458358433717
22,1000,22,3,12.429743098788906,39.301299999999998
22,1000,22,4,0.71263399999999999,39.301299999999998
23,1000,23,0,4.60114,13.2874
23,1000,23,1,14.7156,13.2874
23,1000,23,2,14.7156,25.472913798042491
23,1000,23,3,4.60114,32.229971881117208
24,1000,24,0,13.033300000000001,18.473099999999999
24,1000,24,1,20.168800000000001,18.473099999999999
24,1000,24,2,20.168800000000001,30.284188428714849
24,1000,24,3,13.501746241617447,47.003700000000002
24,1000,24,4,13.033300000000001,47.003700000000002
25,1000,25,0,5.3488899999999999,6.1147799999999997
25,1000,25,1,20.447500000000002,6.1147799999999997
25,1000,25,2,20.447500000000002,12.934561351157791
25,1000,25,3,5.3488899999999999,23.02132670923848
26,1000,26,0,2.85927,9.8599499999999995
26,1000,26,1,18.581399999999999,9.8599499999999995
26,1000,26,2,18.581399999999999,31.863321401289092
26,1000,26,3,8.6764715561908101,38.480400000000003
26,1000,26,4,2.85927,38.480400000000003
27,1000,27,0,8.0545997677327108,10.969200000000001
27,1000,27,1,18.936900000000001,10.969200000000001
27,1000,27,2,18.936900000000001,41.253052735943761
27,1000,27,3,16.376961128812006,47.672819116977706
27,1000,27,4,15.902031838484909,47.990099999999998
27,1000,27,5,2.5541800000000001,47.990099999999998
27,1000,27,6,2.5541800000000001,21.311548473895577
27,1000,27,7,6.1785008010923974,12.222545179790622
28,1000,28,0,6.9519144255851373,8.1453199999999999
28,1000,28,1,20.4817,8.1453199999999999
28,1000,28,2,20.4817,45.649678790160642
28,1000,28,3,19.548436252627365,47.990099999999998
28,1000,28,4,4.8253599999999999,47.990099999999998
28,1000,28,5,4.8253599999999999,10.4439834939759
28,1000,28,6,5.3026056258534346,9.2471559217114265
29,1000,29,0,3.6843499999999998,10.888
29,1000,29,1,16.858599999999999,10.888
29,1000,29,2,16.858599999999999,29.656739432730923
29,1000,29,3,12.710011242603549,40.06049201183432
29,1000,29,4,3.6843499999999998,46.09016806517068
30,1000,30,0,0.97585900000000003,11.4781
30,1000,30,1,21.036000000000001,11.4781
30,1000,30,2,21.036000000000001,41.142618823108137
30,1000,30,3,15.148226639271037,45.076000000000001
30,1000,30,4,0.97585900000000003,45.076000000000001
31,1000,31,0,19.162231270323392,7.5001100000000003
31,1000,31,1,21.317,7.5001100000000003
31,1000,31,2,21.317,8.0698645833333345
31,1000,31,3,6.9583563907516766,44.078200000000002
31,1000,31,4,5.2015099999999999,44.078200000000002
31,1000,31,5,5.2015099999999999,16.826698320601572
32,1000,32,0,16.819400000000002,4.9611170864168042
32,1000,32,1,16.819400000000002,32.432767748866077
32,1000,32,2,7.6875,38.533417581761753
32,1000,32,3,7.6875,11.061766919312486
33,1000,33,0,8.9439100000000007,8.3871099999999998
33,1000,33,1,19.861000000000001,8.3871099999999998
33,1000,33,2,19.861000000000001,34.472662274096365
33,1000,33,3,14.426499519567606,48.101199999999999
33,1000,33,4,8.9439100000000007,48.101199999999999
34,1000,34,0,11.2389575486868,19.230699999999999
34,1000,34,1,18.238700000000001,19.230699999999999
34,1000,34,2,18.238700000000001,33.03417000502008
34,1000,34,3,13.287053163404646,45.451816477014098
34,1000,34,4,10.578485545828107,47.261299999999999
34,1000,34,5,-1.22156,47.261299999999999
34,1000,34,6,-1.22156,27.555063418476962
35,1000,35,0,2.8000470273245925,14.4816
35,1000,35,1,19.3324,14.4816
35,1000,35,2,19.3324,15.768494377510045
35,1000,35,3,9.549877287209835,40.300920186618107
35,1000,35,4,1.5633398785063264,45.636400000000002
35,1000,35,5,1.3039700000000001,45.636400000000002
35,1000,35,6,1.3039700000000001,18.233433729919678
36,1000,36,0,4.2979599999999998,15.058299999999999
36,1000,36,1,18.410599999999999,15.058299999999999
36,1000,36,2,18.410599999999999,37.101460943775095
36,1000,36,3,16.903819663177057,40.880136231224398
36,1000,36,4,14.236146256923339,42.662300000000002
36,1000,36,5,4.2979599999999998,42.662300000000002
37,1000,37,0,8.1537720318286446,3.96807
37,1000,37,1,20.5213,3.96807
37,1000,37,2,20.5213,16.065413451897832
37,1000,37,3,9.4883159192424582,23.4361
37,1000,37,4,2.29914,23.4361
37,1000,37,5,2.29914,18.650205700301207
38,1000,38,0,3.5421499999999999,16.321400000000001
38,1000,38,1,21.093,16.321400000000001
38,1000,38,2,21.093,45.807965982334679
38,1000,38,3,20.014900911202425,46.528199999999998
38,1000,38,4,3.5421499999999999,46.528199999999998
39,1000,39,0,3.5782699999999998,21.946100000000001
39,1000,39,1,11.150399999999999,21.946100000000001
39,1000,39,2,11.150399999999999,42.650274497991973
39,1000,39,3,10.890493946290398,43.302061993627674
39,1000,39,4,7.8478923351795604,45.334699999999998
39,1000,39,5,3.5782699999999998,45.334699999999998
40,1000,40,0,18.397300000000001,7.6027884817378864
40,1000,40,1,18.397300000000001,29.487851581325295
40,1000,40,2,11.015575878290457,47.999600000000001
40,1000,40,3,5.9356400000000002,47.999600000000001
40,1000,40,4,5.9356400000000002,24.626360632530112
40,1000,40,5,10.663770596267634,12.769243969048704
41,1000,41,0,14.712651581204216,12.8772
41,1000,41,1,17.948,12.8772
41,1000,41,2,17.948,29.27988692269075
41,1000,41,3,11.620129946952252,45.148800000000001
41,1000,41,4,8.2574799999999993,45.148800000000001
41,1000,41,5,8.2574799999999993,17.189636779661015
42,1000,42,0,1.6208400000000001,17.0471
42,1000,42,1,21.2805,17.0471
42,1000,42,2,21.2805,40.099043506803518
42,1000,42,3,10.4740378417009,47.318399999999997
42,1000,42,4,1.6208400000000001,47.318399999999997
43,1000,43,0,5.3432982133920524,18.011199999999999
43,1000,43,1,20.4224,18.011199999999999
43,1000,43,2,20.4224,41.496826772499404
43,1000,43,3,10.062729480078595,48.417700000000004
43,1000,43,4,4.6964499999999996,48.417700000000004
43,1000,43,5,4.6964499999999996,19.633353739959841
44,1000,44,0,11.159489208504555,10.911300000000001
44,1000,44,1,21.273800000000001,10.911300000000001
44,1000,44,2,21.273800000000001,42.078800627510034
44,1000,44,3,19.965426172052801,45.3599158170232
44,1000,44,4,15.984215865642303,48.019599999999997
44,1000,44,5,5.2129099999999999,48.019599999999997
44,1000,44,6,5.2129099999999999,18.111617517570277
44,1000,44,7,6.9673330541647678,13.711908497951754
45,1000,45,0,0.80155600000000005,14.505000000000001
45,1000,45,1,16.025500000000001,14.505000000000001
45,1000,45,2,16.025500000000001,43.252546310240959
45,1000,45,3,15.490996540737367,44.592963996358677
45,1000,45,4,11.202999321064857,47.457599999999999
45,1000,45,5,0.80155600000000005,47.457599999999999
46,1000,46,0,1.542,20.960999999999999
46,1000,46,1,18.906300000000002,20.960999999999999
46,1000,46,2,18.906300000000002,42.823600071616134
46,1000,46,3,11.860667053778803,47.530500000000004
46,1000,46,4,1.542,47.530500000000004
47,1000,47,0,9.36219,17.775200000000002
47,1000,47,1,18.5153,17.775200000000002
47,1000,47,2,18.5153,35.852858985943762
47,1000,47,3,14.584297086936726,45.710953891670457
47,1000,47,4,9.6774773092728275,48.988999999999997
47,1000,47,5,9.36219,48.988999999999997
48,1000,48,0,21.055599999999998,1.4618361947791205
48,1000,48,1,21.055599999999998,41.723353938887563
48,1000,48,2,13.580145667321776,46.717399999999998
48,1000,48,3,12.840400000000001,46.717399999999998
48,1000,48,4,12.840400000000001,22.063759688755013
49,1000,49,0,12.348205316785105,5.1277699999999999
49,1000,49,1,19.553599999999999,5.1277699999999999
49,1000,49,2,19.553599999999999,38.874809211847378
49,1000,49,3,18.145386678010205,42.406300000000002
49,1000,49,4,8.9613200000000006,42.406300000000002
49,1000,49,5,8.9613200000000006,13.621337068273085
50,1000,50,0,2.163166682013812,5.0062699999999998
50,1000,50,1,12.2553,5.0062699999999998
50,1000,50,2,12.2553,40.900892996987949
50,1000,50,3,9.191911840656589,48.583199999999998
50,1000,50,4,1.8410500000000001,48.583199999999998
50,1000,50,5,1.8410500000000001,5.8140681350401593
51,1000,51,0,8.9934140726653968,19.197500000000002
51,1000,51,1,14.151199999999999,19.197500000000002
51,1000,51,2,14.151199999999999,42.291358749104795
51,1000,51,3,8.7022199749865869,45.931600000000003
51,1000,51,4,4.0906500000000001,45.931600000000003
51,1000,51,5,4.0906500000000001,31.492559199297183
52,1000,52,0,1.70923,28.136700000000001
52,1000,52,1,15.943300000000001,28.136700000000001
52,1000,52,2,15.943300000000001,43.432415242301261
52,1000,52,3,8.3522291227443262,48.503700000000002
52,1000,52,4,1.70923,48.503700000000002
53,1000,53,0,2.3862999999999999,22.071899999999999
53,1000,53,1,17.4193,22.071899999999999
53,1000,53,2,17.4193,43.882892444497486
53,1000,53,3,10.518403287475419,48.493099999999998
53,1000,53,4,2.3862999999999999,48.493099999999998
54,1000,54,0,9.7807645167053803,18.376999999999999
54,1000,54,1,21.361699999999999,18.376999999999999
54,1000,54,2,21.361699999999999,43.541750828313241
54,1000,54,3,20.806098497951748,44.935077787892581
54,1000,54,4,15.480189958906555,48.493099999999998
54,1000,54,5,5.1151799999999996,48.493099999999998
54,1000,54,6,5.1151799999999996,28.932031656626503
54,1000,54,7,9.1582611288120113,18.792869116977698
55,1000,55,0,12.2562,26.090499999999999
55,1000,55,1,19.409700000000001,26.090499999999999
55,1000,55,2,19.409700000000001,30.029732525662446
55,1000,55,3,12.2562,34.808694031988537
56,1000,56,0,20.238499999999998,10.08051987347816
56,1000,56,1,20.238499999999998,37.409088604417676
56,1000,56,2,18.598958432589331,41.520699999999998
56,1000,56,3,5.7320200000000003,41.520699999999998
56,1000,56,4,5.7320200000000003,19.771707335879686
57,1000,57,0,6.9685699999999997,21.369
57,1000,57,1,21.337399999999999,21.369
57,1000,57,2,21.337399999999999,36.812819252804957
57,1000,57,3,8.090099892799703,45.662799999999997
57,1000,57,4,6.9685699999999997,45.662799999999997
58,1000,58,0,2.3780700000000001,12.1821
58,1000,58,1,17.6829,12.1821
58,1000,58,2,17.6829,33.535264457831332
58,1000,58,3,17.385032362312248,34.282251297223489
58,1000,58,4,10.309538627836345,39.009099999999997
58,1000,58,5,2.3780700000000001,39.009099999999997
59,1000,59,0,12.319177794014614,5.7754899999999996
59,1000,59,1,17.263100000000001,5.7754899999999996
59,1000,59,2,17.263100000000001,34.021757197421813
59,1000,59,3,3.4216600000000001,43.268658567677242
59,1000,59,4,3.4216600000000001,28.088517178714852
60,1000,60,0,2.8901300000000001,14.164400000000001
60,1000,60,1,11.444800000000001,14.164400000000001
60,1000,60,2,11.444800000000001,37.091240135542165
60,1000,60,3,9.9919346836595366,40.734708352298583
60,1000,60,4,4.9096131856351484,44.130000000000003
60,1000,60,5,2.8901300000000001,44.130000000000003
61,1000,61,0,6.7784294955459892,8.8064900000000002
61,1000,61,1,15.513199999999999,8.8064900000000002
61,1000,61,2,15.513199999999999,30.095396912650603
61,1000,61,3,8.7464599039135216,47.064900000000002
61,1000,61,4,3.1485799999999999,47.064900000000002
61,1000,61,5,3.1485799999999999,17.909358049698795
62,1000,62,0,3.5080399999999998,16.022500000000001
62,1000,62,1,18.054300000000001,16.022500000000001
62,1000,62,2,18.054300000000001,37.052660288851754
62,1000,62,3,3.5080399999999998,46.770423146335631
63,1000,63,0,21.3108,10.165662437335881
63,1000,63,1,21.3108,38.536109989959826
63,1000,63,2,20.557573691397355,40.425036709148841
63,1000,63,3,20.294478309808824,40.6008
63,1000,63,4,7.1170799999999996,40.6008
63,1000,63,5,7.1170799999999996,19.647907703509187
64,1000,64,0,12.3935,10.734299999999999
64,1000,64,1,21.2712,10.734299999999999
64,1000,64,2,21.2712,34.885732406302218
64,1000,64,3,12.3935,40.816561589878248
65,1000,65,0,12.151462135072361,1.8715599999999999
65,1000,65,1,21.248000000000001,1.8715599999999999
65,1000,65,2,21.248000000000001,31.035060115461839
65,1000,65,3,16.624414723250922,42.630000000000003
65,1000,65,4,7.9878799999999996,42.630000000000003
65,1000,65,5,7.9878799999999996,4.6530793614227761
66,1000,66,0,3.4546299999999999,4.7965600000000004
66,1000,66,1,17.745100000000001,4.7965600000000004
66,1000,66,2,17.745100000000001,34.525441967056572
66,1000,66,3,7.8312211005895946,41.148499999999999
66,1000,66,4,3.4546299999999999,41.148499999999999
67,1000,67,0,0.52793400000000001,15.550800000000001
67,1000,67,1,18.700700000000001,15.550800000000001
67,1000,67,2,18.700700000000001,34.334918488899497
67,1000,67,3,7.3813715919242266,41.896900000000002
67,1000,67,4,0.52793400000000001,41.896900000000002
68,1000,68,0,4.9021645370833751,7.4295400000000003
68,1000,68,1,20.9618,7.4295400000000003
68,1000,68,2,20.9618,32.82436982573406
68,1000,68,3,4.0541215651241593,44.119700000000002
68,1000,68,4,2.1580699999999999,44.119700000000002
68,1000,68,5,2.1580699999999999,14.311128483935743
69,1000,69,0,2.8466100000000001,5.0554300000000003
69,1000,69,1,20.968900000000001,5.0554300000000003
69,1000,69,2,20.968900000000001,35.81562773931725
69,1000,69,3,8.5387557441486379,44.119700000000002
69,1000,69,4,2.8466100000000001,44.119700000000002
70,1000,70,0,3.22926,18.472300000000001
70,1000,70,1,18.610900000000001,18.472300000000001
70,1000,70,2,18.610900000000001,30.353548092369476
70,1000,70,3,12.671126483835451,45.249200000000002
70,1000,70,4,3.22926,45.249200000000002
71,1000,71,0,12.1065,12.3301
71,1000,71,1,20.9635,12.3301
71,1000,71,2,20.9635,23.680627259036136
71,1000,71,3,12.828670153137818,44.081000000000003
71,1000,71,4,12.1065,44.081000000000003
72,1000,72,0,8.4477499999999992,20.274100000000001
72,1000,72,1,20.397099999999998,20.274100000000001
72,1000,72,2,20.397099999999998,32.198328037148592
72,1000,72,3,14.488541307176453,47.015700000000002
72,1000,72,4,8.4477499999999992,47.015700000000002
73,1000,73,0,9.8658881543684096,14.568
73,1000,73,1,20.070399999999999,14.568
73,1000,73,2,20.070399999999999,44.571900376506015
73,1000,73,3,18.286273155840249,49.046100000000003
73,1000,73,4,1.7148600000000001,49.046100000000003
73,1000,73,5,1.7148600000000001,20.013369369777983
74,1000,74,0,1.42801,13.903
74,1000,74,1,19.224399999999999,13.903
74,1000,74,2,19.224399999999999,25.235684513052199
74,1000,74,3,13.311378470641777,40.064248293126994
74,1000,74,4,8.413830927282465,43.336100000000002
74,1000,74,5,1.42801,43.336100000000002
75,1000,75,0,18.303087314632837,15.6976
75,1000,75,1,19.408799999999999,15.6976
75,1000,75,2,19.408799999999999,48.576701606425701
75,1000,75,3,19.365941556668183,48.684181201638594
75,1000,75,4,18.965499803466134,48.951700000000002
75,1000,75,5,0.57267199999999996,48.951700000000002
75,1000,75,6,0.57267199999999996,27.54256711816662
76,1000,76,0,8.6223391995711971,13.484999999999999
76,1000,76,1,17.307600000000001,13.484999999999999
76,1000,76,2,17.307600000000001,37.855587288135588
76,1000,76,3,8.3766359656959004,43.822000000000003
76,1000,76,4,5.13009,43.822000000000003
76,1000,76,5,5.13009,20.229649550702806
76,1000,76,6,7.5280721529358239,14.216035170687297
77,1000,77,0,3.8763700000000001,11.148199999999999
77,1000,77,1,20.234500000000001,11.148199999999999
77,1000,77,2,20.234500000000001,17.411437751004012
77,1000,77,3,8.6739766489840839,46.402700000000003
77,1000,77,4,3.8763700000000001,46.402700000000003
78,1000,78,0,1.06162,19.6068
78,1000,78,1,17.4557,19.6068
78,1000,78,2,17.4557,41.75398479350681
78,1000,78,3,9.5791298016794713,47.015999999999998
78,1000,78,4,1.06162,47.015999999999998
79,1000,79,0,5.3397100000000002,3.1200600000000001
79,1000,79,1,21.109200000000001,3.1200600000000001
79,1000,79,2,21.109200000000001,30.954138504016061
79,1000,79,3,19.562323441055987,34.833366340464266
79,1000,79,4,5.3397100000000002,44.334914135831937
80,1000,80,0,9.6194400000000009,13.667
80,1000,80,1,18.6282,13.667
80,1000,80,2,18.6282,38.741991477679633
80,1000,80,3,12.688294514918699,42.7102
80,1000,80,4,9.6194400000000009,42.7102
81,1000,81,0,4.1249200000000004,9.4818099999999994
81,1000,81,1,19.004300000000001,9.4818099999999994
81,1000,81,2,19.004300000000001,23.906559190737646
81,1000,81,3,4.1249200000000004,33.84686592981619
82,1000,82,0,4.0134006405765179,11.3803
82,1000,82,1,17.1204,11.3803
82,1000,82,2,17.1204,40.381985999045114
82,1000,82,3,7.9226912095765529,46.526600000000002
82,1000,82,4,0.42031299999999999,46.526600000000002
82,1000,82,5,0.42031299999999999,20.390977363704813
83,1000,83,0,20.071100000000001,0.29267182501790678
83,1000,83,1,20.071100000000001,34.422080544282636
83,1000,83,2,5.7953899767732597,43.959099999999999
83,1000,83,3,0.087877399999999994,43.959099999999999
83,1000,83,4,0.087877399999999994,15.944986482580319
83,1000,83,5,1.3393376741010463,12.806598029130633
84,1000,84,0,0.77041000000000004,-4.6689299999999996
84,1000,84,1,21.118099999999998,-4.6689299999999996
84,1000,84,2,21.118099999999998,42.484345607429717
84,1000,84,3,20.107996540737364,45.017463996358678
84,1000,84,4,18.804615043773463,45.888199999999998
84,1000,84,5,0.77041000000000004,45.888199999999998
85,1000,85,0,1.7706999999999999,25.4802
85,1000,85,1,20.967400000000001,25.4802
85,1000,85,2,20.967400000000001,33.548758559236937
85,1000,85,3,15.820163937543789,46.456899999999997
85,1000,85,4,1.7706999999999999,46.456899999999997
86,1000,86,0,18.890799999999999,17.529496884698016
86,1000,86,1,18.890799999999999,25.053620657630518
86,1000,86,2,12.89981490341307,40.0777
86,1000,86,3,6.7437899999999997,40.0777
86,1000,86,4,6.7437899999999997,25.644418700167101
87,1000,87,0,9.6381999999999994,11.2165
87,1000,87,1,20.482500000000002,11.2165
87,1000,87,2,20.482500000000002,41.127896586345365
87,1000,87,3,20.120002048247603,42.036962107419214
87,1000,87,4,16.753177845274259,44.286200000000001
87,1000,87,5,9.6381999999999994,44.286200000000001
88,1000,88,0,14.121795215694124,4.1085000000000003
88,1000,88,1,19.718699999999998,4.1085000000000003
88,1000,88,2,19.718699999999998,40.986288028169007
88,1000,88,3,12.503303591209573,45.806600000000003
88,1000,88,4,9.41371,45.806600000000003
88,1000,88,5,9.41371,15.915347236445779
89,1000,89,0,10.8796,3.6729799999999999
89,1000,89,1,21.366599999999998,3.6729799999999999
89,1000,89,2,21.366599999999998,41.513540888554211
89,1000,89,3,18.883058397815198,47.741719640418751
89,1000,89,4,17.978826621404316,48.345799999999997
89,1000,89,5,10.8796,48.345799999999997
90,1000,90,0,-0.62109099999999995,15.99
90,1000,90,1,13.580399999999999,15.99
90,1000,90,2,13.580399999999999,47.007806003819518
90,1000,90,3,10.840232678220472,48.8384
90,1000,90,4,-0.62109099999999995,48.8384
91,1000,91,0,9.4905828658209757,17.023399999999999
91,1000,91,1,14.854799999999999,17.023399999999999
91,1000,91,2,14.854799999999999,46.168107770350915
91,1000,91,3,11.127147989994626,48.6584
91,1000,91,4,2.9697300000000002,48.6584
91,1000,91,5,2.9697300000000002,21.379715766292666
92,1000,92,0,7.7493983775397863,-2.72241
92,1000,92,1,20.3507,-2.72241
92,1000,92,2,20.3507,28.122539859437737
92,1000,92,3,12.161843349014108,48.6584
92,1000,92,4,5.8487400000000003,48.6584
92,1000,92,5,5.8487400000000003,2.0440252033132609
93,1000,93,0,-0.088331099999999996,7.0066199999999998
93,1000,93,1,13.1669,7.0066199999999998
93,1000,93,2,13.1669,41.623072816265051
93,1000,93,3,12.126154938552572,44.233033636777414
93,1000,93,4,9.4444070394854265,46.0246
93,1000,93,5,-0.088331099999999996,46.0246
94,1000,94,0,3.8342999999999998,0.53843799999999997
94,1000,94,1,20.105399999999999,0.53843799999999997
94,1000,94,2,20.105399999999999,28.672885676772491
94,1000,94,3,3.8342999999999998,39.542943769396025
95,1000,95,0,6.0889600000000002,16.791799999999999
95,1000,95,1,20.183,16.791799999999999
95,1000,95,2,20.183,33.498186370481918
95,1000,95,3,15.90160019017115,44.234999999999999
95,1000,95,4,6.0889600000000002,44.234999999999999
96,1000,96,0,9.393146221599439,19.317900000000002
96,1000,96,1,18.2624,19.317900000000002
96,1000,96,2,18.2624,39.9152313253012
96,1000,96,3,14.904065178660789,48.337200000000003
96,1000,96,4,8.0204000000000004,48.337200000000003
96,1000,96,5,8.0204000000000004,22.760447063253011
97,1000,97,0,8.6773199999999999,13.4788
97,1000,97,1,21.088799999999999,13.4788
97,1000,97,2,21.088799999999999,38.434426882530119
97,1000,97,3,19.371969640418754,42.739861652253062
97,1000,97,4,10.993463176701793,48.337200000000003
97,1000,97,5,8.6773199999999999,48.337200000000003
98,1000,98,0,4.220909471859926,0.76906200000000002
98,1000,98,1,14.6942,0.76906200000000002
98,1000,98,2,14.6942,30.47554131057532
98,1000,98,3,9.730480203680532,33.791600000000003
98,1000,98,4,0.76918200000000003,33.791600000000003
98,1000,98,5,0.76918200000000003,3.075020302697542
99,1000,99,0,4.2449090581523361,17.828900000000001
99,1000,99,1,15.1274,17.828900000000001
99,1000,99,2,15.1274,42.250615988955815
99,1000,99,3,14.651517569412828,43.444024965862546
99,1000,99,4,6.3019955333214188,49.021999999999998
99,1000,99,5,3.4996800000000001,49.021999999999998
99,1000,99,6,3.4996800000000001,19.697771365461847
100,1000,100,0,3.7332832231552593,22.0471
100,1000,100,1,21.098800000000001,22.0471
100,1000,100,2,21.098800000000001,43.903586646586334
100,1000,100,3,19.73320500450405,47.328200000000002
100,1000,100,4,3.4161800000000002,47.328200000000002
100,1000,100,5,3.4161800000000002,22.258943726426352
101,1000,101,0,3.95052,19.1113
101,1000,101,1,21.2376,19.1113
101,1000,101,2,21.2376,42.461429693775095
101,1000,101,3,20.247573285957358,44.944200000000002
101,1000,101,4,3.95052,44.944200000000002
102,1000,102,0,18.331399999999999,9.1178749940319914
102,1000,102,1,18.331399999999999,42.540351430722879
102,1000,102,2,16.016114565316332,48.346580541647711
102,1000,102,3,15.063924316598179,48.982700000000001
102,1000,102,4,4.2151300000000003,48.982700000000001
102,1000,102,5,4.2151300000000003,20.585313107429716
102,1000,102,6,5.3223266954938548,17.808706133363678
103,1000,103,0,10.2949,16.5121
103,1000,103,1,12.26378952056851,16.5121
103,1000,103,2,10.2949,21.449643975903609
104,1000,104,0,10.813023142628364,0.66124799999999995
104,1000,104,1,18.735900000000001,0.66124799999999995
104,1000,104,2,18.735900000000001,23.418142181904983
104,1000,104,3,5.5395799999999999,32.234065199331582
104,1000,104,4,5.5395799999999999,13.885889174196791
105,1000,105,0,3.6205500000000002,14.257999999999999
105,1000,105,1,13.587199999999999,14.257999999999999
105,1000,105,2,13.587199999999999,29.077210667670684
105,1000,105,3,9.1911268241417279,40.101599999999998
105,1000,105,4,3.6205500000000002,40.101599999999998
106,1000,106,0,1.7661199999999999,15.3612
106,1000,106,1,20.314599999999999,15.3612
106,1000,106,2,20.314599999999999,38.861291139558233
106,1000,106,3,18.947060491579425,42.290780905780615
106,1000,106,4,17.066659639092379,43.546999999999997
106,1000,106,5,1.7661199999999999,43.546999999999997
107,1000,107,0,0.62051900000000004,7.0563099999999999
107,1000,107,1,21.002400000000002,7.0563099999999999
107,1000,107,2,21.002400000000002,44.153053865461843
107,1000,107,3,20.538624214838414,45.3161020254893
107,1000,107,4,20.12953176701804,45.589399999999998
107,1000,107,5,0.62051900000000004,45.589399999999998
108,1000,108,0,0.80104226371270482,13.352399999999999
108,1000,108,1,15.2143,13.352399999999999
108,1000,108,2,15.2143,39.198822857483883
108,1000,108,3,9.5616914775772717,42.975099999999998
108,1000,108,4,0.042006399999999999,42.975099999999998
108,1000,108,5,0.042006399999999999,13.859480893912629
109,1000,109,0,5.1743100000000002,12.396800000000001
109,1000,109,1,17.583300000000001,12.396800000000001
109,1000,109,2,17.583300000000001,36.165479517784675
109,1000,109,3,5.1743100000000002,44.455419483170196
110,1000,110,0,9.7935521708057927,8.2780000000000005
110,1000,110,1,16.039100000000001,8.2780000000000005
110,1000,110,2,16.039100000000001,33.421207806224892
110,1000,110,3,10.594010689620655,47.076300000000003
110,1000,110,4,1.69625,47.076300000000003
110,1000,110,5,1.69625,13.687477232036287
111,1000,111,0,8.2092500000000008,13.268700000000001
111,1000,111,1,19.311800000000002,13.268700000000001
111,1000,111,2,19.311800000000002,32.093452861445776
111,1000,111,3,14.584575876194808,43.948296290395994
111,1000,111,4,9.9023505628014874,47.076300000000003
111,1000,111,5,8.2092500000000008,47.076300000000003
112,1000,112,0,9.6944400000000002,19.188400000000001
112,1000,112,1,20.5398,19.188400000000001
112,1000,112,2,20.5398,47.663366767068268
112,1000,112,3,20.353614656349571,48.130278857532993
112,1000,112,4,19.806326121136312,48.495899999999999
112,1000,112,5,9.6944400000000002,48.495899999999999
113,1000,113,0,8.2660900000000002,6.6174600000000003
113,1000,113,1,19.109100000000002,6.6174600000000003
113,1000,113,2,19.109100000000002,29.724347238955819
113,1000,113,3,13.016402111900709,45.003500000000003
113,1000,113,4,8.2660900000000002,45.003500000000003
114,1000,114,0,1.70126,3.8649200000000001
114,1000,114,1,12.648899999999999,3.8649200000000001
114,1000,114,2,12.648899999999999,35.743846884698016
114,1000,114,3,1.70126,43.057518534256381
115,1000,115,0,2.5891000000000002,4.5298699999999998
115,1000,115,1,18.313199999999998,4.5298699999999998
115,1000,115,2,18.313199999999998,43.091815085341366
115,1000,115,3,17.168554893035957,45.962334478834769
115,1000,115,4,12.940388422369123,48.786999999999999
115,1000,115,5,2.5891000000000002,48.786999999999999
116,1000,116,0,13.988651456310679,17.991199999999999
116,1000,116,1,20.114599999999999,17.991199999999999
116,1000,116,2,20.114599999999999,40.957166543327752
116,1000,116,3,8.2033301232803133,48.9146
116,1000,116,4,3.8102900000000002,48.9146
116,1000,116,5,3.8102900000000002,43.51630273845381
117,1000,117,0,1.7988999999999999,13.8218
117,1000,117,1,18.4862,13.8218
117,1000,117,2,18.4862,25.767301280120485
117,1000,117,3,14.291044105598544,36.287834046426944
117,1000,117,4,13.265287779167409,36.973100000000002
117,1000,117,5,1.7988999999999999,36.973100000000002
118,1000,118,0,4.3464900000000002,23.781199999999998
118,1000,118,1,20.295000000000002,23.781199999999998
118,1000,118,2,20.295000000000002,36.833306576748633
118,1000,118,3,4.3464900000000002,47.487855451181666
119,1000,119,0,5.1518300000000004,13.2912
119,1000,119,1,16.008800000000001,13.2912
119,1000,119,2,16.008800000000001,39.222243147590355
119,1000,119,3,13.259334831348212,46.1173
119,1000,119,4,5.1518300000000004,46.1173
120,1000,120,0,20.65421407539754,9.7729400000000002
120,1000,120,1,21.0259,9.7729400000000002
120,1000,120,2,21.0259,37.022434262048193
120,1000,120,3,20.300735821574872,38.840987300864825
120,1000,120,4,15.6777,41.929448925757931
120,1000,120,5,15.6777,13.097546025304368
121,1000,121,0,9.1641200000000005,14.929500000000001
121,1000,121,1,20.396599999999999,14.929500000000001
121,1000,121,2,20.396599999999999,31.388582931726908
121,1000,121,3,15.767919707736961,42.996299999999998
121,1000,121,4,9.1641200000000005,42.996299999999998
122,1000,122,0,3.8417699999999999,0.98281200000000002
122,1000,122,1,19.006799999999998,0.98281200000000002
122,1000,122,2,19.006799999999998,19.905844302208845
122,1000,122,3,15.087334865725994,29.735004984069178
122,1000,122,4,3.8417699999999999,37.247708081881115
123,1000,123,0,1.56016,5.5139800000000001
123,1000,123,1,18.849,5.5139800000000001
123,1000,123,2,18.849,9.7936630271084244
123,1000,123,3,5.729212517068726,42.695218434228494
123,1000,123,4,1.56016,45.48039233468608
124,1000,124,0,14.75001287959163,5.5139800000000001
124,1000,124,1,19.8035,5.5139800000000001
124,1000,124,2,19.8035,41.236744226907618
124,1000,124,3,19.547006873008645,41.879972849340007
124,1000,124,4,9.020354261211363,48.912399999999998
124,1000,124,5,4.9794700000000001,48.912399999999998
124,1000,124,6,4.9794700000000001,30.01636300953815
125,1000,125,0,5.6533300000000004,14.918200000000001
125,1000,125,1,19.0611,14.918200000000001
125,1000,125,2,19.0611,31.720331300200804
125,1000,125,3,15.150085356821137,41.528300000000002
125,1000,125,4,5.6533300000000004,41.528300000000002
126,1000,126,0,3.1467499999999999,5.43872
126,1000,126,1,19.439900000000002,5.43872
126,1000,126,2,19.439900000000002,32.590220657630518
126,1000,126,3,18.431845971779701,35.118199522075557
126,1000,126,4,3.1467499999999999,45.329548549773214
127,1000,127,0,17.653600000000001,15.208725626641204
127,1000,127,1,17.653600000000001,46.070134889558219
127,1000,127,2,17.086259773796414,47.492899999999999
127,1000,127,3,8.5503599999999995,47.492899999999999
127,1000,127,4,8.5503599999999995,21.290228882788252
