Layer_Index,Wedge_Index,Wedge_Start_Rad,Wedge_End_Rad,Wedge_Start_Degrees,Wedge_End_Degrees
1,0,0.000000,0.049087,0.000000,2.812500
2,0,6.281021,0.051252,359.875977,2.936517
3,0,6.279703,0.052570,359.800446,3.012044
4,0,6.278024,0.054249,359.704254,3.108251
1,1,0.049087,0.098175,2.812500,5.625000
2,1,0.046923,0.100339,2.688483,5.749017
3,1,0.045605,0.101657,2.612956,5.824544
4,1,0.043926,0.103337,2.516749,5.920751
1,2,0.098175,0.147262,5.625000,8.437500
2,2,0.096010,0.149427,5.500983,8.561517
3,2,0.094692,0.150745,5.425456,8.637044
4,2,0.093013,0.152424,5.329249,8.733251
1,3,0.147262,0.196350,8.437500,11.250000
2,3,0.145098,0.198514,8.313483,11.374017
3,3,0.143779,0.199832,8.237955,11.449544
4,3,0.142100,0.201511,8.141749,11.545751
1,4,0.196350,0.245437,11.250000,14.062500
2,4,0.194185,0.247601,11.125983,14.186517
3,4,0.192867,0.248920,11.050455,14.262045
4,4,0.191188,0.250599,10.954249,14.358252
1,5,0.245437,0.294524,14.062500,16.875000
2,5,0.243272,0.296689,13.938483,16.999018
3,5,0.241954,0.298007,13.862956,17.074545
4,5,0.240275,0.299686,13.766749,17.170752
1,6,0.294524,0.343612,16.875000,19.687500
2,6,0.292360,0.345776,16.750982,19.811518
3,6,0.291042,0.347094,16.675457,19.887045
4,6,0.289362,0.348774,16.579250,19.983250
1,7,0.343612,0.392699,19.687500,22.500000
2,7,0.341447,0.394864,19.563484,22.624016
3,7,0.340129,0.396182,19.487955,22.699545
4,7,0.338450,0.397861,19.391748,22.795752
1,8,0.392699,0.441786,22.500000,25.312500
2,8,0.390535,0.443951,22.375982,25.436518
3,8,0.389216,0.445269,22.300455,25.512045
4,8,0.387537,0.446948,22.204250,25.608252
1,9,0.441786,0.490874,25.312500,28.125000
2,9,0.439622,0.493038,25.188482,28.249018
3,9,0.438304,0.494357,25.112957,28.324545
4,9,0.436625,0.496036,25.016750,28.420750
1,10,0.490874,0.539961,28.125000,30.937498
2,10,0.488709,0.542126,28.000984,31.061518
3,10,0.487391,0.543444,27.925455,31.137043
4,10,0.485712,0.545123,27.829248,31.233250
1,11,0.539961,0.589049,30.937498,33.750000
2,11,0.537797,0.591213,30.813482,33.874016
3,11,0.536479,0.592531,30.737955,33.949543
4,11,0.534799,0.594210,30.641748,34.045750
1,12,0.589049,0.638136,33.750000,36.562500
2,12,0.586884,0.640301,33.625984,36.686516
3,12,0.585566,0.641619,33.550457,36.762047
4,12,0.583887,0.643298,33.454250,36.858253
1,13,0.638136,0.687223,36.562500,39.375000
2,13,0.635971,0.689388,36.438480,39.499020
3,13,0.634653,0.690706,36.362957,39.574543
4,13,0.632974,0.692385,36.266750,39.670750
1,14,0.687223,0.736311,39.375000,42.187500
2,14,0.685059,0.738475,39.250984,42.311516
3,14,0.683741,0.739793,39.175453,42.387043
4,14,0.682062,0.741473,39.079247,42.483250
1,15,0.736311,0.785398,42.187500,45.000000
2,15,0.734146,0.787563,42.063484,45.124016
3,15,0.732828,0.788881,41.987957,45.199547
4,15,0.731149,0.790560,41.891750,45.295753
1,16,0.785398,0.834486,45.000000,47.812500
2,16,0.783234,0.836650,44.875980,47.936520
3,16,0.781915,0.837968,44.800457,48.012043
4,16,0.780236,0.839647,44.704250,48.108250
1,17,0.834486,0.883573,47.812500,50.625000
2,17,0.832321,0.885737,47.688484,50.749016
3,17,0.831003,0.887056,47.612953,50.824543
4,17,0.829324,0.888735,47.516747,50.920750
1,18,0.883573,0.932660,50.625000,53.437500
2,18,0.881408,0.934825,50.500984,53.561516
3,18,0.880090,0.936143,50.425457,53.637047
4,18,0.878411,0.937822,50.329250,53.733253
1,19,0.932660,0.981748,53.437500,56.250000
2,19,0.930496,0.983912,53.313480,56.374020
3,19,0.929178,0.985230,53.237953,56.449543
4,19,0.927499,0.986910,53.141750,56.545750
1,20,0.981748,1.030835,56.250000,59.062496
2,20,0.979583,1.033000,56.125984,59.186520
3,20,0.978265,1.034318,56.050453,59.262047
4,20,0.976586,1.035997,55.954247,59.358250
1,21,1.030835,1.079922,59.062496,61.874996
2,21,1.028671,1.082087,58.938480,61.999012
3,21,1.027352,1.083405,58.862953,62.074543
4,21,1.025673,1.085084,58.766750,62.170753
1,22,1.079922,1.129010,61.874996,64.687500
2,22,1.077758,1.131174,61.750980,64.811516
3,22,1.076440,1.132493,61.675453,64.887047
4,22,1.074761,1.134172,61.579250,64.983253
1,23,1.129010,1.178097,64.687500,67.500000
2,23,1.126845,1.180262,64.563484,67.624016
3,23,1.125527,1.181580,64.487953,67.699547
4,23,1.123848,1.183259,64.391754,67.795746
1,24,1.178097,1.227185,67.500000,70.312500
2,24,1.175933,1.229349,67.375984,70.436516
3,24,1.174615,1.230667,67.300453,70.512047
4,24,1.172935,1.232346,67.204247,70.608246
1,25,1.227185,1.276272,70.312500,73.125000
2,25,1.225020,1.278437,70.188484,73.249016
3,25,1.223702,1.279755,70.112961,73.324547
4,25,1.222023,1.281434,70.016747,73.420746
1,26,1.276272,1.325359,73.125000,75.937500
2,26,1.274107,1.327524,73.000977,76.061516
3,26,1.272789,1.328842,72.925461,76.137047
4,26,1.271110,1.330521,72.829247,76.233253
1,27,1.325359,1.374447,75.937500,78.750000
2,27,1.323195,1.376611,75.813484,78.874016
3,27,1.321877,1.377929,75.737953,78.949539
4,27,1.320198,1.379609,75.641747,79.045753
1,28,1.374447,1.423534,78.750000,81.562500
2,28,1.372282,1.425699,78.625984,81.686516
3,28,1.370964,1.427017,78.550453,81.762047
4,28,1.369285,1.428696,78.454254,81.858253
1,29,1.423534,1.472622,81.562500,84.375000
2,29,1.421370,1.474786,81.438484,84.499016
3,29,1.420051,1.476104,81.362953,84.574547
4,29,1.418372,1.477783,81.266754,84.670746
1,30,1.472622,1.521709,84.375000,87.187500
2,30,1.470457,1.523873,84.250984,87.311516
3,30,1.469139,1.525192,84.175453,87.387047
4,30,1.467460,1.526871,84.079247,87.483246
1,31,1.521709,1.570796,87.187500,90.000000
2,31,1.519544,1.572961,87.063484,90.124016
3,31,1.518226,1.574279,86.987961,90.199547
4,31,1.516547,1.575958,86.891747,90.295753
1,32,1.570796,1.619884,90.000000,92.812500
2,32,1.568632,1.622048,89.875977,92.936516
3,32,1.567314,1.623366,89.800461,93.012047
4,32,1.565634,1.625046,89.704247,93.108253
1,33,1.619884,1.668971,92.812500,95.625000
2,33,1.617719,1.671136,92.688484,95.749016
3,33,1.616401,1.672454,92.612953,95.824539
4,33,1.614722,1.674133,92.516747,95.920753
1,34,1.668971,1.718058,95.625000,98.437500
2,34,1.666807,1.720223,95.500984,98.561516
3,34,1.665488,1.721541,95.425453,98.637047
4,34,1.663809,1.723220,95.329254,98.733253
1,35,1.718058,1.767146,98.437500,101.250000
2,35,1.715894,1.769310,98.313484,101.374016
3,35,1.714576,1.770629,98.237953,101.449547
4,35,1.712897,1.772308,98.141754,101.545746
1,36,1.767146,1.816233,101.250000,104.062500
2,36,1.764981,1.818398,101.125984,104.186516
3,36,1.763663,1.819716,101.050453,104.262047
4,36,1.761984,1.821395,100.954247,104.358246
1,37,1.816233,1.865321,104.062500,106.875000
2,37,1.814069,1.867485,103.938484,106.999016
3,37,1.812751,1.868803,103.862961,107.074547
4,37,1.811071,1.870482,103.766747,107.170753
1,38,1.865321,1.914408,106.875000,109.687500
2,38,1.863156,1.916573,106.750977,109.811516
3,38,1.861838,1.917891,106.675461,109.887047
4,38,1.860159,1.919570,106.579247,109.983253
1,39,1.914408,1.963495,109.687500,112.500000
2,39,1.912243,1.965660,109.563484,112.624016
3,39,1.910925,1.966978,109.487953,112.699539
4,39,1.909246,1.968657,109.391747,112.795753
1,40,1.963495,2.012583,112.500000,115.312500
2,40,1.961331,2.014747,112.375984,115.436523
3,40,1.960013,2.016066,112.300453,115.512047
4,40,1.958334,2.017745,112.204254,115.608246
1,41,2.012583,2.061670,115.312500,118.124992
2,41,2.010418,2.063835,115.188477,118.249016
3,41,2.009100,2.065153,115.112961,118.324547
4,41,2.007421,2.066832,115.016754,118.420753
1,42,2.061670,2.110758,118.124992,120.937500
2,42,2.059506,2.112922,118.000984,121.061508
3,42,2.058187,2.114240,117.925453,121.137039
4,42,2.056508,2.115919,117.829247,121.233246
1,43,2.110758,2.159845,120.937500,123.749992
2,43,2.108593,2.162009,120.813477,123.874016
3,43,2.107275,2.163328,120.737953,123.949547
4,43,2.105596,2.165007,120.641754,124.045753
1,44,2.159845,2.208932,123.749992,126.562500
2,44,2.157681,2.211097,123.625984,126.686516
3,44,2.156362,2.212415,123.550461,126.762039
4,44,2.154683,2.214094,123.454247,126.858253
1,45,2.208932,2.258020,126.562500,129.375000
2,45,2.206768,2.260184,126.438484,129.499023
3,45,2.205450,2.261503,126.362953,129.574554
4,45,2.203770,2.263181,126.266747,129.670746
1,46,2.258020,2.307107,129.375000,132.187500
2,46,2.255855,2.309272,129.250992,132.311508
3,46,2.254537,2.310590,129.175461,132.387039
4,46,2.252858,2.312269,129.079254,132.483246
1,47,2.307107,2.356194,132.187500,135.000000
2,47,2.304943,2.358359,132.063477,135.124023
3,47,2.303624,2.359677,131.987961,135.199554
4,47,2.301945,2.361356,131.891739,135.295746
1,48,2.356194,2.405282,135.000000,137.812500
2,48,2.354030,2.407446,134.875977,137.936523
3,48,2.352712,2.408765,134.800446,138.012039
4,48,2.351033,2.410444,134.704254,138.108261
1,49,2.405282,2.454369,137.812500,140.625000
2,49,2.403117,2.456534,137.688492,140.749008
3,49,2.401799,2.457852,137.612961,140.824539
4,49,2.400120,2.459531,137.516754,140.920746
1,50,2.454369,2.503457,140.625000,143.437500
2,50,2.452205,2.505621,140.500977,143.561523
3,50,2.450886,2.506939,140.425446,143.637054
4,50,2.449208,2.508618,140.329254,143.733246
1,51,2.503457,2.552544,143.437500,146.250000
2,51,2.501292,2.554708,143.313492,146.374008
3,51,2.499974,2.556027,143.237961,146.449539
4,51,2.498295,2.557706,143.141754,146.545746
1,52,2.552544,2.601631,146.250000,149.062500
2,52,2.550380,2.603796,146.125977,149.186523
3,52,2.549061,2.605114,146.050461,149.262054
4,52,2.547382,2.606793,145.954239,149.358246
1,53,2.601631,2.650719,149.062500,151.875000
2,53,2.599467,2.652883,148.938477,151.999023
3,53,2.598149,2.654202,148.862961,152.074539
4,53,2.596470,2.655881,148.766754,152.170761
1,54,2.650719,2.699806,151.875000,154.687500
2,54,2.648554,2.701971,151.750992,154.811508
3,54,2.647236,2.703289,151.675461,154.887039
4,54,2.645557,2.704968,151.579239,154.983246
1,55,2.699806,2.748893,154.687500,157.500000
2,55,2.697642,2.751058,154.563477,157.624023
3,55,2.696323,2.752376,154.487946,157.699539
4,55,2.694644,2.754056,154.391754,157.795761
1,56,2.748893,2.797981,157.500000,160.312500
2,56,2.746729,2.800145,157.375992,160.436508
3,56,2.745411,2.801464,157.300461,160.512039
4,56,2.743732,2.803143,157.204254,160.608246
1,57,2.797981,2.847068,160.312500,163.125000
2,57,2.795816,2.849233,160.188477,163.249023
3,57,2.794498,2.850551,160.112946,163.324554
4,57,2.792819,2.852230,160.016739,163.420746
1,58,2.847068,2.896156,163.125000,165.937500
2,58,2.844904,2.898320,163.000992,166.061508
3,58,2.843586,2.899638,162.925461,166.137039
4,58,2.841907,2.901318,162.829254,166.233246
1,59,2.896156,2.945243,165.937500,168.750000
2,59,2.893991,2.947408,165.813477,168.874023
3,59,2.892673,2.948726,165.737961,168.949554
4,59,2.890994,2.950405,165.641739,169.045746
1,60,2.945243,2.994330,168.750000,171.562500
2,60,2.943079,2.996495,168.625977,171.686523
3,60,2.941760,2.997813,168.550446,171.762039
4,60,2.940081,2.999492,168.454254,171.858261
1,61,2.994330,3.043418,171.562500,174.375000
2,61,2.992166,3.045582,171.438492,174.499008
3,61,2.990848,3.046901,171.362961,174.574539
4,61,2.989169,3.048580,171.266754,174.670746
1,62,3.043418,3.092505,174.375000,177.187500
2,62,3.041253,3.094670,174.250977,177.311523
3,62,3.039935,3.095988,174.175446,177.387054
4,62,3.038256,3.097667,174.079254,177.483246
1,63,3.092505,3.141593,177.187500,180.000000
2,63,3.090341,3.143757,177.063492,180.124008
3,63,3.089023,3.145075,176.987961,180.199539
4,63,3.087343,3.146755,176.891754,180.295746
1,64,3.141593,3.190680,180.000000,182.812500
2,64,3.139428,3.192845,179.875977,182.936523
3,64,3.138110,3.194163,179.800461,183.012054
4,64,3.136431,3.195842,179.704239,183.108246
1,65,3.190680,3.239767,182.812500,185.625000
2,65,3.188515,3.241932,182.688477,185.749023
3,65,3.187197,3.243250,182.612961,185.824539
4,65,3.185518,3.244929,182.516754,185.920761
1,66,3.239767,3.288855,185.625000,188.437500
2,66,3.237603,3.291019,185.500992,188.561508
3,66,3.236285,3.292337,185.425461,188.637039
4,66,3.234606,3.294017,185.329239,188.733246
1,67,3.288855,3.337942,188.437500,191.250000
2,67,3.286690,3.340107,188.313477,191.374023
3,67,3.285372,3.341425,188.237946,191.449539
4,67,3.283693,3.343104,188.141754,191.545761
1,68,3.337942,3.387030,191.250000,194.062500
2,68,3.335778,3.389194,191.125992,194.186508
3,68,3.334460,3.390512,191.050461,194.262039
4,68,3.332780,3.392191,190.954254,194.358246
1,69,3.387030,3.436117,194.062500,196.875000
2,69,3.384865,3.438282,193.938477,196.999023
3,69,3.383547,3.439600,193.862946,197.074554
4,69,3.381868,3.441279,193.766739,197.170746
1,70,3.436117,3.485204,196.875000,199.687500
2,70,3.433953,3.487369,196.750992,199.811508
3,70,3.432634,3.488687,196.675461,199.887039
4,70,3.430955,3.490366,196.579254,199.983246
1,71,3.485204,3.534292,199.687500,202.500000
2,71,3.483040,3.536456,199.563477,202.624023
3,71,3.481722,3.537774,199.487961,202.699539
4,71,3.480042,3.539454,199.391739,202.795746
1,72,3.534292,3.583379,202.500000,205.312500
2,72,3.532127,3.585544,202.375977,205.436523
3,72,3.530809,3.586862,202.300446,205.512039
4,72,3.529130,3.588541,202.204254,205.608261
1,73,3.583379,3.632467,205.312500,208.125000
2,73,3.581215,3.634631,205.188492,208.249008
3,73,3.579896,3.635949,205.112961,208.324539
4,73,3.578217,3.637628,205.016754,208.420746
1,74,3.632467,3.681554,208.125000,210.937500
2,74,3.630302,3.683718,208.000977,211.061523
3,74,3.628984,3.685037,207.925446,211.137054
4,74,3.627305,3.686716,207.829254,211.233246
1,75,3.681554,3.730641,210.937500,213.750000
2,75,3.679389,3.732806,210.813492,213.874008
3,75,3.678071,3.734124,210.737961,213.949539
4,75,3.676392,3.735803,210.641754,214.045746
1,76,3.730641,3.779729,213.750000,216.562500
2,76,3.728477,3.781893,213.625977,216.686523
3,76,3.727159,3.783211,213.550461,216.762054
4,76,3.725479,3.784890,213.454239,216.858246
1,77,3.779729,3.828816,216.562500,219.375000
2,77,3.777564,3.830981,216.438477,219.499023
3,77,3.776246,3.832299,216.362961,219.574539
4,77,3.774567,3.833978,216.266754,219.670761
1,78,3.828816,3.877903,219.375000,222.187500
2,78,3.826652,3.880068,219.250992,222.311508
3,78,3.825333,3.881386,219.175461,222.387039
4,78,3.823654,3.883065,219.079254,222.483246
1,79,3.877903,3.926991,222.187500,225.000000
2,79,3.875739,3.929155,222.063477,225.124023
3,79,3.874421,3.930474,221.987946,225.199554
4,79,3.872742,3.932153,221.891754,225.295761
1,80,3.926991,3.976078,225.000000,227.812500
2,80,3.924826,3.978243,224.875992,227.936508
3,80,3.923508,3.979561,224.800461,228.012039
4,80,3.921829,3.981240,224.704254,228.108246
1,81,3.976078,4.025166,227.812500,230.625000
2,81,3.973914,4.027330,227.688477,230.749008
3,81,3.972595,4.028648,227.612946,230.824554
4,81,3.970916,4.030327,227.516739,230.920746
1,82,4.025166,4.074253,230.625000,233.437500
2,82,4.023001,4.076417,230.500992,233.561508
3,82,4.021683,4.077736,230.425446,233.637054
4,82,4.020004,4.079415,230.329254,233.733246
1,83,4.074253,4.123340,233.437500,236.249985
2,83,4.072088,4.125505,233.313477,236.374023
3,83,4.070770,4.126823,233.237961,236.449539
4,83,4.069091,4.128502,233.141754,236.545761
1,84,4.123340,4.172428,236.249985,239.062500
2,84,4.121176,4.174592,236.125977,239.186508
3,84,4.119858,4.175910,236.050461,239.262039
4,84,4.118178,4.177589,235.954239,239.358246
1,85,4.172428,4.221515,239.062500,241.875000
2,85,4.170263,4.223680,238.938492,241.999008
3,85,4.168945,4.224998,238.862946,242.074554
4,85,4.167266,4.226677,238.766754,242.170746
1,86,4.221515,4.270603,241.875000,244.687515
2,86,4.219351,4.272767,241.750992,244.811523
3,86,4.218032,4.274085,241.675446,244.887039
4,86,4.216353,4.275764,241.579254,244.983261
1,87,4.270603,4.319690,244.687515,247.499985
2,87,4.268438,4.321855,244.563477,247.624023
3,87,4.267120,4.323173,244.487961,247.699539
4,87,4.265440,4.324852,244.391739,247.795746
1,88,4.319690,4.368777,247.499985,250.312500
2,88,4.317525,4.370942,247.375977,250.436508
3,88,4.316207,4.372260,247.300461,250.512054
4,88,4.314528,4.373939,247.204239,250.608246
1,89,4.368777,4.417865,250.312500,253.125000
2,89,4.366613,4.420029,250.188492,253.249023
3,89,4.365294,4.421347,250.112946,253.324524
4,89,4.363616,4.423027,250.016754,253.420761
1,90,4.417865,4.466952,253.125000,255.937485
2,90,4.415700,4.469117,253.000977,256.061523
3,90,4.414382,4.470435,252.925461,256.137024
4,90,4.412703,4.472114,252.829254,256.233276
1,91,4.466952,4.516039,255.937485,258.750000
2,91,4.464787,4.518204,255.813477,258.873993
3,91,4.463470,4.519522,255.737961,258.949554
4,91,4.461790,4.521201,255.641739,259.045746
1,92,4.516039,4.565127,258.750000,261.562500
2,92,4.513875,4.567291,258.625977,261.686523
3,92,4.512557,4.568610,258.550446,261.762054
4,92,4.510878,4.570289,258.454254,261.858246
1,93,4.565127,4.614214,261.562500,264.375000
2,93,4.562963,4.616379,261.438507,264.499023
3,93,4.561644,4.617697,261.362946,264.574524
4,93,4.559965,4.619376,261.266754,264.670746
1,94,4.614214,4.663301,264.375000,267.187500
2,94,4.612050,4.665466,264.250977,267.311523
3,94,4.610732,4.666784,264.175476,267.387054
4,94,4.609052,4.668463,264.079224,267.483246
1,95,4.663301,4.712389,267.187500,270.000000
2,95,4.661137,4.714553,267.063477,270.124023
3,95,4.659819,4.715872,266.987976,270.199554
4,95,4.658140,4.717551,266.891754,270.295746
1,96,4.712389,4.761477,270.000000,272.812500
2,96,4.710225,4.763641,269.875977,272.936523
3,96,4.708906,4.764959,269.800446,273.012024
4,96,4.707227,4.766638,269.704254,273.108246
1,97,4.761477,4.810564,272.812500,275.625000
2,97,4.759312,4.812728,272.688477,275.749023
3,97,4.757994,4.814046,272.612946,275.824554
4,97,4.756315,4.815726,272.516754,275.920776
1,98,4.810564,4.859651,275.625000,278.437500
2,98,4.808399,4.861815,275.500977,278.561493
3,98,4.807081,4.863134,275.425476,278.637054
4,98,4.805402,4.864813,275.329254,278.733246
1,99,4.859651,4.908739,278.437500,281.250000
2,99,4.857487,4.910903,278.313477,281.374023
3,99,4.856168,4.912221,278.237946,281.449554
4,99,4.854489,4.913900,278.141754,281.545746
1,100,4.908739,4.957826,281.250000,284.062500
2,100,4.906574,4.959991,281.126007,284.186523
3,100,4.905256,4.961308,281.050446,284.262024
4,100,4.903577,4.962988,280.954254,284.358246
1,101,4.957826,5.006913,284.062500,286.875000
2,101,4.955661,5.009078,283.938477,286.999023
3,101,4.954343,5.010396,283.862976,287.074554
4,101,4.952664,5.012075,283.766724,287.170746
1,102,5.006913,5.056001,286.875000,289.687500
2,102,5.004749,5.058165,286.750977,289.811523
3,102,5.003430,5.059484,286.675446,289.887054
4,102,5.001751,5.061162,286.579254,289.983246
1,103,5.056001,5.105088,289.687500,292.500000
2,103,5.053836,5.107253,289.563507,292.624023
3,103,5.052518,5.108571,289.487946,292.699524
4,103,5.050839,5.110250,289.391754,292.795746
1,104,5.105088,5.154175,292.500000,295.312500
2,104,5.102923,5.156340,292.375977,295.436523
3,104,5.101605,5.157658,292.300446,295.512054
4,104,5.099926,5.159337,292.204254,295.608246
1,105,5.154175,5.203263,295.312500,298.125000
2,105,5.152011,5.205427,295.188477,298.248993
3,105,5.150693,5.206746,295.112976,298.324554
4,105,5.149014,5.208425,295.016754,298.420746
1,106,5.203263,5.252350,298.125000,300.937500
2,106,5.201098,5.254515,298.000977,301.061523
3,106,5.199780,5.255833,297.925446,301.137054
4,106,5.198101,5.257512,297.829254,301.233246
1,107,5.252350,5.301437,300.937500,303.750000
2,107,5.250185,5.303602,300.813477,303.874023
3,107,5.248868,5.304920,300.737946,303.949524
4,107,5.247189,5.306600,300.641754,304.045776
1,108,5.301437,5.350525,303.750000,306.562500
2,108,5.299273,5.352689,303.625977,306.686493
3,108,5.297955,5.354008,303.550476,306.762054
4,108,5.296276,5.355687,303.454254,306.858246
1,109,5.350525,5.399612,306.562500,309.375000
2,109,5.348361,5.401777,306.438477,309.499023
3,109,5.347042,5.403095,306.362946,309.574554
4,109,5.345363,5.404774,306.266754,309.670746
1,110,5.399612,5.448700,309.375000,312.187500
2,110,5.397448,5.450864,309.251007,312.311523
3,110,5.396130,5.452182,309.175446,312.387024
4,110,5.394451,5.453862,309.079254,312.483246
1,111,5.448700,5.497787,312.187500,315.000000
2,111,5.446535,5.499952,312.063477,315.124023
3,111,5.445217,5.501270,311.987946,315.199554
4,111,5.443538,5.502949,311.891724,315.295746
1,112,5.497787,5.546875,315.000000,317.812500
2,112,5.495623,5.549039,314.875977,317.936523
3,112,5.494305,5.550357,314.800476,318.012054
4,112,5.492625,5.552036,314.704254,318.108246
1,113,5.546875,5.595962,317.812500,320.625000
2,113,5.544710,5.598126,317.688477,320.749023
3,113,5.543392,5.599444,317.612946,320.824524
4,113,5.541713,5.601124,317.516754,320.920746
1,114,5.595962,5.645049,320.625000,323.437500
2,114,5.593797,5.647214,320.500977,323.561523
3,114,5.592479,5.648532,320.425446,323.637024
4,114,5.590800,5.650211,320.329254,323.733276
1,115,5.645049,5.694137,323.437500,326.250000
2,115,5.642885,5.696301,323.313477,326.373993
3,115,5.641567,5.697619,323.237976,326.449554
4,115,5.639887,5.699298,323.141754,326.545746
1,116,5.694137,5.743224,326.250000,329.062500
2,116,5.691972,5.745389,326.125977,329.186523
3,116,5.690654,5.746707,326.050446,329.262054
4,116,5.688975,5.748386,325.954254,329.358246
1,117,5.743224,5.792312,329.062500,331.875000
2,117,5.741060,5.794476,328.938507,331.999023
3,117,5.739741,5.795794,328.862946,332.074524
4,117,5.738062,5.797473,328.766754,332.170746
1,118,5.792312,5.841399,331.875000,334.687500
2,118,5.790147,5.843564,331.750977,334.811523
3,118,5.788829,5.844882,331.675476,334.887054
4,118,5.787149,5.846560,331.579224,334.983246
1,119,5.841399,5.890486,334.687500,337.500000
2,119,5.839234,5.892651,334.563477,337.624023
3,119,5.837916,5.893969,334.487946,337.699554
4,119,5.836237,5.895648,334.391754,337.795746
1,120,5.890486,5.939574,337.500000,340.312500
2,120,5.888322,5.941738,337.376007,340.436523
3,120,5.887003,5.943056,337.300446,340.512024
4,120,5.885324,5.944736,337.204254,340.608246
1,121,5.939574,5.988661,340.312500,343.125000
2,121,5.937409,5.990826,340.188477,343.249023
3,121,5.936091,5.992144,340.112946,343.324554
4,121,5.934412,5.993823,340.016754,343.420776
1,122,5.988661,6.037748,343.125000,345.937500
2,122,5.986496,6.039913,343.000977,346.061493
3,122,5.985178,6.041231,342.925476,346.137054
4,122,5.983499,6.042910,342.829254,346.233246
1,123,6.037748,6.086836,345.937500,348.750000
2,123,6.035584,6.089000,345.813477,348.874023
3,123,6.034266,6.090319,345.737946,348.949554
4,123,6.032587,6.091998,345.641754,349.045746
1,124,6.086836,6.135923,348.750000,351.562500
2,124,6.084671,6.138088,348.626007,351.686523
3,124,6.083353,6.139406,348.550446,351.762024
4,124,6.081674,6.141085,348.454254,351.858246
1,125,6.135923,6.185010,351.562500,354.375000
2,125,6.133759,6.187175,351.438477,354.499023
3,125,6.132441,6.188493,351.362976,354.574554
4,125,6.130761,6.190172,351.266754,354.670746
1,126,6.185010,6.234098,354.375000,357.187500
2,126,6.182846,6.236262,354.250977,357.311523
3,126,6.181528,6.237581,354.175446,357.387054
4,126,6.179849,6.239260,354.079254,357.483246
1,127,6.234098,0.000000,357.187500,0.000010
2,127,6.231934,0.002165,357.063507,0.124019
3,127,6.230615,0.003483,356.987946,0.199534
4,127,6.228936,0.005162,356.891754,0.295757
